insert into DOKTER(kd_dokter,nama_dokter,alamat_dokter,spesialis_dokter)values('DA01','Bess, Sp.A','PBB','Anak');
insert into DOKTER(kd_dokter,nama_dokter,alamat_dokter,spesialis_dokter)values('DA02','Joni, Sp.A','Sukapura','Anak');
insert into DOKTER(kd_dokter,nama_dokter,alamat_dokter,spesialis_dokter)values('DA03','Amel, Sp.A','PBB','Anak');
insert into DOKTER(kd_dokter,nama_dokter,alamat_dokter,spesialis_dokter)values('DG01','Armand, Sp.G','Sukabirus','Gigi');
insert into DOKTER(kd_dokter,nama_dokter,alamat_dokter,spesialis_dokter)values('DG02','Clarisa, Sp.G','Pesona Bali','Gigi');
insert into DOKTER(kd_dokter,nama_dokter,alamat_dokter,spesialis_dokter)values('DG04','Armand, Sp.G','Buah Batu','Gigi');
insert into DOKTER(kd_dokter,nama_dokter,alamat_dokter,spesialis_dokter)values('DG03','Tya, Sp.G','Dago','Gigi');
insert into DOKTER(kd_dokter,nama_dokter,alamat_dokter,spesialis_dokter)values('DM01','Edo, Sp.M','PBB','Mata');
insert into DOKTER(kd_dokter,nama_dokter,alamat_dokter,spesialis_dokter)values('DM02','Rico, Sp.M','Sukabirus','Mata');
insert into DOKTER(kd_dokter,nama_dokter,alamat_dokter,spesialis_dokter)values('DM03','Tania, Sp.M','PGA','Mata');
insert into DOKTER(kd_dokter,nama_dokter,alamat_dokter,spesialis_dokter)values('DS01','Isyana, Sp.S','Sukapura','Syaraf');
insert into DOKTER(kd_dokter,nama_dokter,alamat_dokter,spesialis_dokter)values('DS02','Arnold, Sp.S','Sukabirus','Syaraf');
insert into DOKTER(kd_dokter,nama_dokter,alamat_dokter,spesialis_dokter)values('DS03','Doni, Sp.S','PBB','Syaraf');
insert into DOKTER(kd_dokter,nama_dokter,alamat_dokter,spesialis_dokter)values('DR01','Faldi, Sp.R','Dago','Radiologi');
insert into DOKTER(kd_dokter,nama_dokter,alamat_dokter,spesialis_dokter)values('DR02','Adha, Sp.R','Sukabirus','Radiologi');
insert into DOKTER(kd_dokter,nama_dokter,alamat_dokter,spesialis_dokter)values('DR03','Sarah, Sp.R','Sukapura','Radiologi');
insert into DOKTER(kd_dokter,nama_dokter,alamat_dokter,spesialis_dokter)values('DP01','Resty, Sp.P','Dago','Penyakit Dalam');
insert into DOKTER(kd_dokter,nama_dokter,alamat_dokter,spesialis_dokter)values('DP02','Abdi, Sp.P','PBB','Penyakit Dalam');
insert into DOKTER(kd_dokter,nama_dokter,alamat_dokter,spesialis_dokter)values('DP03','Billy, Sp.P','Sukabirus','Penyakit Dalam');
insert into DOKTER(kd_dokter,nama_dokter,alamat_dokter,spesialis_dokter)values('DP04','Stepahnie, Sp.P','Buah Batu','Penyakit Dalam');

insert into pasien(id_pasien,nama_pasien,alamat_pasien,tanggal_datang,keluhan,kd_dokter)values('KP01','Andi','PBB','20-11-2019','Mata Bengkak','DM03');
insert into pasien(id_pasien,nama_pasien,alamat_pasien,tanggal_datang,keluhan,kd_dokter)values('KP02','Nadia','Sukapura','1-1-2019','Sakit Ginjal','DR01');
insert into pasien(id_pasien,nama_pasien,alamat_pasien,tanggal_datang,keluhan,kd_dokter)values('KP03','Tommy','Sukabirus','15-8-2019','Anemia','DP02');
insert into pasien(id_pasien,nama_pasien,alamat_pasien,tanggal_datang,keluhan,kd_dokter)values('KP04','Ihsan','PBB','28-02-2019','Susah Melihat','DM01');
insert into pasien(id_pasien,nama_pasien,alamat_pasien,tanggal_datang,keluhan,kd_dokter)values('KP05','Rizky','Dago','13-01-2019','Mata Buram','DM03');
insert into pasien(id_pasien,nama_pasien,alamat_pasien,tanggal_datang,keluhan,kd_dokter)values('KP06','Fadil','Pesona Bali','30-01-2019','Tremor','DS01');
insert into pasien(id_pasien,nama_pasien,alamat_pasien,tanggal_datang,keluhan,kd_dokter)values('KP07','Sesty','Buah batu','30-09-2019','Kaki kaku','DS03');
insert into pasien(id_pasien,nama_pasien,alamat_pasien,tanggal_datang,keluhan,kd_dokter)values('KP08','Zikri','PBB','7-03-2013','Jantung Sakit','DR03');
insert into pasien(id_pasien,nama_pasien,alamat_pasien,tanggal_datang,keluhan,kd_dokter)values('KP09','Khaira','Dago','17-07-2019','Diare','DA02');
insert into pasien(id_pasien,nama_pasien,alamat_pasien,tanggal_datang,keluhan,kd_dokter)values('KP10','Tari','Sukapura','4-1-2019','Demam ','DA01');
insert into pasien(id_pasien,nama_pasien,alamat_pasien,tanggal_datang,keluhan,kd_dokter)values('KP11','Putri','Sukapura','21-2-2015','Gigi Berlubang','DG03');
insert into pasien(id_pasien,nama_pasien,alamat_pasien,tanggal_datang,keluhan,kd_dokter)values('KP12','Clara','PBB','2-1-2019','Vertigo','DS02');
insert into pasien(id_pasien,nama_pasien,alamat_pasien,tanggal_datang,keluhan,kd_dokter)values('KP13','Iqbal','PBB','10-5-2009','Cabut Gigi','DG01');
insert into pasien(id_pasien,nama_pasien,alamat_pasien,tanggal_datang,keluhan,kd_dokter)values('KP14','Desi','Dago','5-10-2019','Sakit Ginjal','DR02');
insert into pasien(id_pasien,nama_pasien,alamat_pasien,tanggal_datang,keluhan,kd_dokter)values('KP15','Vatia','Sukabirus','29-01-2019','Demam','DA01');
insert into pasien(id_pasien,nama_pasien,alamat_pasien,tanggal_datang,keluhan,kd_dokter)values('KP16','Aziz','PBB','2-11-2019','Tambal Gigi','DG02');
insert into pasien(id_pasien,nama_pasien,alamat_pasien,tanggal_datang,keluhan,kd_dokter)values('KP17','Haikal','Sukabirus','9-10-2011','Katarak','DM01');
insert into pasien(id_pasien,nama_pasien,alamat_pasien,tanggal_datang,keluhan,kd_dokter)values('KP18','Azizah','Pesona Bali','23-11-2019','Geger Otak','DS02');
insert into pasien(id_pasien,nama_pasien,alamat_pasien,tanggal_datang,keluhan,kd_dokter)values('KP19','Arifin','Pesona Bali','25-10-2011','Kanker','DR02');
insert into pasien(id_pasien,nama_pasien,alamat_pasien,tanggal_datang,keluhan,kd_dokter)values('KP20','Fifi','Dago','1-1-2011','Asam Urat','DP01');
insert into pasien(id_pasien,nama_pasien,alamat_pasien,tanggal_datang,keluhan,kd_dokter)values('KP21','Lidya','PGA','30-1-2014','Rabun','DM02');
insert into pasien(id_pasien,nama_pasien,alamat_pasien,tanggal_datang,keluhan,kd_dokter)values('KP22','Ocky','Buah Batu','3-4-2014','Meningitis','DS01');
insert into pasien(id_pasien,nama_pasien,alamat_pasien,tanggal_datang,keluhan,kd_dokter)values('KP23','Suman','Buah Batu','9-9-2009','Step','DA02');
insert into pasien(id_pasien,nama_pasien,alamat_pasien,tanggal_datang,keluhan,kd_dokter)values('KP24','Ain','PBB','28-12-2018','Gigi Berlubang','DG03');
insert into pasien(id_pasien,nama_pasien,alamat_pasien,tanggal_datang,keluhan,kd_dokter)values('KP25','Fahmi','Sukapura','22-11-2009','Sakit Ginjal','DS02');
insert into pasien(id_pasien,nama_pasien,alamat_pasien,tanggal_datang,keluhan,kd_dokter)values('KP26','Rizka','PBB','18-12-2018','Katarak','DM01');
insert into pasien(id_pasien,nama_pasien,alamat_pasien,tanggal_datang,keluhan,kd_dokter)values('KP27','Alfi','PGA','7-8-2009','Usus Buntu','DP02');
insert into pasien(id_pasien,nama_pasien,alamat_pasien,tanggal_datang,keluhan,kd_dokter)values('KP28','Dau','PGA','26-12-2008','Epilepsi ','DR01');
insert into pasien(id_pasien,nama_pasien,alamat_pasien,tanggal_datang,keluhan,kd_dokter)values('KP29','Sintia','Dago','22-11-2011','Diare','DA01');
insert into pasien(id_pasien,nama_pasien,alamat_pasien,tanggal_datang,keluhan,kd_dokter)values('KP30','Hafizh','PBB','8-12-2019','Mata Minus','DM02');
insert into pasien(id_pasien,nama_pasien,alamat_pasien,tanggal_datang,keluhan,kd_dokter)values('KP31','Suci','Sukapura','11-12-2013','Tiroid','DP02');
insert into pasien(id_pasien,nama_pasien,alamat_pasien,tanggal_datang,keluhan,kd_dokter)values('KP32','Cindy','Pesona Bali','21-10-2019','Pasang Behel','DG01');
insert into pasien(id_pasien,nama_pasien,alamat_pasien,tanggal_datang,keluhan,kd_dokter)values('KP33','Beni','PBB','1-2-2013','Mata Rabun','DM03');
insert into pasien(id_pasien,nama_pasien,alamat_pasien,tanggal_datang,keluhan,kd_dokter)values('KP34','Fahmi','PGA','29-12-2019','Hemofilia','DP01');
insert into pasien(id_pasien,nama_pasien,alamat_pasien,tanggal_datang,keluhan,kd_dokter)values('KP35','Nofil','Sukabirus','3-4-2005','Gigi Berlubang','DG02');
insert into pasien(id_pasien,nama_pasien,alamat_pasien,tanggal_datang,keluhan,kd_dokter)values('KP36','Rima','PBB','14-10-2012','Vertigo','DS01');
insert into pasien(id_pasien,nama_pasien,alamat_pasien,tanggal_datang,keluhan,kd_dokter)values('KP37','Septian','Sadang Serang','20-9-2014','Vertigo','DS01');
insert into pasien(id_pasien,nama_pasien,alamat_pasien,tanggal_datang,keluhan,kd_dokter)values('KP38','Doni','Margahayu','13-2-2019','Mata Minus','DM02');
insert into pasien(id_pasien,nama_pasien,alamat_pasien,tanggal_datang,keluhan,kd_dokter)values('KP39','Chalpari','Sukapura','23-12-2017','Sakit Ginjal','DR01');
insert into pasien(id_pasien,nama_pasien,alamat_pasien,tanggal_datang,keluhan,kd_dokter)values('KP40','Rayen','Sukapura','4-5-2019','Demam','DA01');



insert into pembayaran(kd_pembayaran,id_petugas,id_pasien,jumlah_harga)values('KB01','PP01','KP01','500000');
insert into pembayaran(kd_pembayaran,id_petugas,id_pasien,jumlah_harga)values('KB02','PP01','KP02','250000');
insert into pembayaran(kd_pembayaran,id_petugas,id_pasien,jumlah_harga)values('KB03','PP02','KP03','370000');
insert into pembayaran(kd_pembayaran,id_petugas,id_pasien,jumlah_harga)values('KB04','PP01','KP04','100000');
insert into pembayaran(kd_pembayaran,id_petugas,id_pasien,jumlah_harga)values('KB05','PP04','KP05','550000');
insert into pembayaran(kd_pembayaran,id_petugas,id_pasien,jumlah_harga)values('KB06','PP01','KP06','200000');
insert into pembayaran(kd_pembayaran,id_petugas,id_pasien,jumlah_harga)values('KB07','PP03','KP07','500000');
insert into pembayaran(kd_pembayaran,id_petugas,id_pasien,jumlah_harga)VALUES('KB08','PP01','KP08','210000');
insert into pembayaran(kd_pembayaran,id_petugas,id_pasien,jumlah_harga)values('KB09','PP01','KP09','450000');
insert into pembayaran(kd_pembayaran,id_petugas,id_pasien,jumlah_harga)values('KB10','PP05','KP10','550000');
insert into pembayaran(kd_pembayaran,id_petugas,id_pasien,jumlah_harga)values('KB11','PP01','KP11','350000');
insert into pembayaran(kd_pembayaran,id_petugas,id_pasien,jumlah_harga)values('KB12','PP04','KP12','500000');
insert into pembayaran(kd_pembayaran,id_petugas,id_pasien,jumlah_harga)values('KB13','PP01','KP13','200000');
insert into pembayaran(kd_pembayaran,id_petugas,id_pasien,jumlah_harga)values('KB14','PP05','KP14','500000');
insert into pembayaran(kd_pembayaran,id_petugas,id_pasien,jumlah_harga)values('KB15','PP05','KP15','550000');
insert into pembayaran(kd_pembayaran,id_petugas,id_pasien,jumlah_harga)values('KB16','PP01','KP16','400000');
insert into pembayaran(kd_pembayaran,id_petugas,id_pasien,jumlah_harga)values('KB17','PP03','KP17','350000');
insert into pembayaran(kd_pembayaran,id_petugas,id_pasien,jumlah_harga)values('KB18','PP01','KP18','500000');
insert into pembayaran(kd_pembayaran,id_petugas,id_pasien,jumlah_harga)values('KB19','PP05','KP19','500000');
insert into pembayaran(kd_pembayaran,id_petugas,id_pasien,jumlah_harga)values('KB20','PP03','KP20','150000');
insert into pembayaran(kd_pembayaran,id_petugas,id_pasien,jumlah_harga)values('KB21','PP06','KP21','280000');
insert into pembayaran(kd_pembayaran,id_petugas,id_pasien,jumlah_harga)values('KB22','PP02','KP22','300000');
insert into pembayaran(kd_pembayaran,id_petugas,id_pasien,jumlah_harga)values('KB23','PP04','KP23','350000');
insert into pembayaran(kd_pembayaran,id_petugas,id_pasien,jumlah_harga)values('KB24','PP01','KP24','330000');
insert into pembayaran(kd_pembayaran,id_petugas,id_pasien,jumlah_harga)values('KB25','PP03','KP25','400000');
insert into pembayaran(kd_pembayaran,id_petugas,id_pasien,jumlah_harga)values('KB26','PP01','KP26','450000');
insert into pembayaran(kd_pembayaran,id_petugas,id_pasien,jumlah_harga)values('KB27','PP02','KP27','250000');
insert into pembayaran(kd_pembayaran,id_petugas,id_pasien,jumlah_harga)values('KB28','PP01','KP28','350000');
insert into pembayaran(kd_pembayaran,id_petugas,id_pasien,jumlah_harga)values('KB29','PP02','KP29','250000');
insert into pembayaran(kd_pembayaran,id_petugas,id_pasien,jumlah_harga)values('KB30','PP01','KP30','150000');
insert into pembayaran(kd_pembayaran,id_petugas,id_pasien,jumlah_harga)values('KB31','PP04','KP31','150000');
insert into pembayaran(kd_pembayaran,id_petugas,id_pasien,jumlah_harga)values('KB32','PP06','KP32','550000');
insert into pembayaran(kd_pembayaran,id_petugas,id_pasien,jumlah_harga)values('KB33','PP04','KP33','350000');
insert into pembayaran(kd_pembayaran,id_petugas,id_pasien,jumlah_harga)values('KB34','PP02','KP34','250000');
insert into pembayaran(kd_pembayaran,id_petugas,id_pasien,jumlah_harga)values('KB35','PP01','KP35','300000');
insert into pembayaran(kd_pembayaran,id_petugas,id_pasien,jumlah_harga)values('KB36','PP04','KP36','400000');


insert into petugas(id_petugas,nama_petugas,alamat_petugas,jam_jaga)values('PP01','Marco','Sukapura','06.00');
insert into petugas(id_petugas,nama_petugas,alamat_petugas,jam_jaga)values('PP02','Ocan','Sukabirus','10.00');
insert into petugas(id_petugas,nama_petugas,alamat_petugas,jam_jaga)values('PP03','Bela','Pesona Bali','14.00');
insert into petugas(id_petugas,nama_petugas,alamat_petugas,jam_jaga)values('PP04','Nia','PGA','18.00');
insert into petugas(id_petugas,nama_petugas,alamat_petugas,jam_jaga)values('PP05','Deri','PBB','22.00');
insert into petugas(id_petugas,nama_petugas,alamat_petugas,jam_jaga)values('PP06','Doni','Ciganitri','02.00');
insert into petugas(id_petugas,nama_petugas,alamat_petugas,jam_jaga)values('PP07','Aldy','PBB','06.00');
insert into petugas(id_petugas,nama_petugas,alamat_petugas,jam_jaga)values('PP08','Bes','Batununggal 2','10.00');
insert into petugas(id_petugas,nama_petugas,alamat_petugas,jam_jaga)values('PP09','Rhaul','Cikoneng','14.00');
insert into petugas(id_petugas,nama_petugas,alamat_petugas,jam_jaga)values('PP10','Videl','GBA 2','18.00');
insert into petugas(id_petugas,nama_petugas,alamat_petugas,jam_jaga)values('PP11','Yogi','Margacinta','22.00');
insert into petugas(id_petugas,nama_petugas,alamat_petugas,jam_jaga)values('PP12','Anggi','Cimahi','02.00');
insert into petugas(id_petugas,nama_petugas,alamat_petugas,jam_jaga)values('PP13','Angel','Ciwastra','06.00');
insert into petugas(id_petugas,nama_petugas,alamat_petugas,jam_jaga)values('PP14','Ghesa','Batu Indah','10.00');
insert into petugas(id_petugas,nama_petugas,alamat_petugas,jam_jaga)values('PP15','Annette','Lengkong','14.00');
insert into petugas(id_petugas,nama_petugas,alamat_petugas,jam_jaga)values('PP16','Alya','Dago','18.00');
insert into petugas(id_petugas,nama_petugas,alamat_petugas,jam_jaga)values('PP17','Caca','Cibereum','22.00');
insert into petugas(id_petugas,nama_petugas,alamat_petugas,jam_jaga)values('PP18','Yuri','Leuwianyar','02.00');
insert into petugas(id_petugas,nama_petugas,alamat_petugas,jam_jaga)values('PP19','Hervita','Cibaduyut','06.00');
insert into petugas(id_petugas,nama_petugas,alamat_petugas,jam_jaga)values('PP20','Danar','Cikutra','10.00');




insert into rawat_inap(id_rawatinap,kd_ruang,id_pasien)values('RI01','A1','KP01');
insert into rawat_inap(id_rawatinap,kd_ruang,id_pasien)values('RI02','A2','KP02');
insert into rawat_inap(id_rawatinap,kd_ruang,id_pasien)values('RI03','A3','KP03');
insert into rawat_inap(id_rawatinap,kd_ruang,id_pasien)values('RI04','A4','KP04');
insert into rawat_inap(id_rawatinap,kd_ruang,id_pasien)values('RI05','A5','KP05');
insert into rawat_inap(id_rawatinap,kd_ruang,id_pasien)values('RI06','A6','KP06');
insert into rawat_inap(id_rawatinap,kd_ruang,id_pasien)values('RI07','B1','KP07');
insert into rawat_inap(id_rawatinap,kd_ruang,id_pasien)values('RI08','B2','KP08');
insert into rawat_inap(id_rawatinap,kd_ruang,id_pasien)values('RI09','B3','KP09');
insert into rawat_inap(id_rawatinap,kd_ruang,id_pasien)values('RI10','B4','KP10');
insert into rawat_inap(id_rawatinap,kd_ruang,id_pasien)values('RI11','B5','KP11');
insert into rawat_inap(id_rawatinap,kd_ruang,id_pasien)values('RI12','B6','KP12');
insert into rawat_inap(id_rawatinap,kd_ruang,id_pasien)values('RI13','C1','KP13');
insert into rawat_inap(id_rawatinap,kd_ruang,id_pasien)values('RI14','C2','KP14');
insert into rawat_inap(id_rawatinap,kd_ruang,id_pasien)values('RI15','C3','KP15');
insert into rawat_inap(id_rawatinap,kd_ruang,id_pasien)values('RI16','C4','KP16');
insert into rawat_inap(id_rawatinap,kd_ruang,id_pasien)values('RI17','C5','KP17');
insert into rawat_inap(id_rawatinap,kd_ruang,id_pasien)values('RI18','C6','KP18');
insert into rawat_inap(id_rawatinap,kd_ruang,id_pasien)values('RI19','D1','KP19');
insert into rawat_inap(id_rawatinap,kd_ruang,id_pasien)values('RI20','D2','KP20');
insert into rawat_inap(id_rawatinap,kd_ruang,id_pasien)values('RI21','D3','KP21');
insert into rawat_inap(id_rawatinap,kd_ruang,id_pasien)values('RI22','D4','KP22');
insert into rawat_inap(id_rawatinap,kd_ruang,id_pasien)values('RI23','D5','KP23');
insert into rawat_inap(id_rawatinap,kd_ruang,id_pasien)values('RI24','D6','KP24');
insert into rawat_inap(id_rawatinap,kd_ruang,id_pasien)values('RI25','E1','KP25');
insert into rawat_inap(id_rawatinap,kd_ruang,id_pasien)values('RI26','E2','KP26');
insert into rawat_inap(id_rawatinap,kd_ruang,id_pasien)values('RI27','E3','KP27');
insert into rawat_inap(id_rawatinap,kd_ruang,id_pasien)values('RI28','E4','KP28');
insert into rawat_inap(id_rawatinap,kd_ruang,id_pasien)values('RI29','E5','KP29');
insert into rawat_inap(id_rawatinap,kd_ruang,id_pasien)values('RI30','E6','KP30');
insert into rawat_inap(id_rawatinap,kd_ruang,id_pasien)values('RI31','F1','KP31');
insert into rawat_inap(id_rawatinap,kd_ruang,id_pasien)values('RI32','F2','KP32');
insert into rawat_inap(id_rawatinap,kd_ruang,id_pasien)values('RI33','F3','KP33');
insert into rawat_inap(id_rawatinap,kd_ruang,id_pasien)values('RI34','F4','KP34');
insert into rawat_inap(id_rawatinap,kd_ruang,id_pasien)values('RI35','F5','KP35');
insert into rawat_inap(id_rawatinap,kd_ruang,id_pasien)values('RI36','A1','KP36');
insert into rawat_inap(id_rawatinap,kd_ruang,id_pasien)values('RI37','F6','KP37');
insert into rawat_inap(id_rawatinap,kd_ruang,id_pasien)values('RI38','F6','KP38');
insert into rawat_inap(id_rawatinap,kd_ruang,id_pasien)values('RI39','F6','KP39');
insert into rawat_inap(id_rawatinap,kd_ruang,id_pasien)values('RI40','F6','KP40');


insert into ruang(kd_ruang,nama_ruang,nama_gedung)values('A1','CEMARA','MELATI');
insert into ruang(kd_ruang,nama_ruang,nama_gedung)values('A2','CEMARA','MELATI');
insert into ruang(kd_ruang,nama_ruang,nama_gedung)values('A3','CEMARA','MELATI');
insert into ruang(kd_ruang,nama_ruang,nama_gedung)values('A4','CEMARA','MELATI');
insert into ruang(kd_ruang,nama_ruang,nama_gedung)values('A5','CEMARA','MELATI');
insert into ruang(kd_ruang,nama_ruang,nama_gedung)values('A6','CEMARA','MELATI');
insert into ruang(kd_ruang,nama_ruang,nama_gedung)values('B1','BERINGIN','MELATI');
insert into ruang(kd_ruang,nama_ruang,nama_gedung)values('B2','BERINGIN','MELATI');
insert into ruang(kd_ruang,nama_ruang,nama_gedung)values('B3','BERINGIN','MELATI');
insert into ruang(kd_ruang,nama_ruang,nama_gedung)values('B4','BERINGIN','MELATI');
insert into ruang(kd_ruang,nama_ruang,nama_gedung)values('B5','BERINGIN','MELATI');
insert into ruang(kd_ruang,nama_ruang,nama_gedung)values('B6','BERINGIN','MELATI');
insert into ruang(kd_ruang,nama_ruang,nama_gedung)values('C1','CEMARA','MELATI');
insert into ruang(kd_ruang,nama_ruang,nama_gedung)values('C2','CEMARA','MELATI');
insert into ruang(kd_ruang,nama_ruang,nama_gedung)values('C3','CEMARA','MELATI');
insert into ruang(kd_ruang,nama_ruang,nama_gedung)values('C4','CEMARA','MELATI');
insert into ruang(kd_ruang,nama_ruang,nama_gedung)values('C5','CEMARA','MELATI');
insert into ruang(kd_ruang,nama_ruang,nama_gedung)values('C6','CEMARA','MELATI');
insert into ruang(kd_ruang,nama_ruang,nama_gedung)values('D1','BERINGIN','NANAS');
insert into ruang(kd_ruang,nama_ruang,nama_gedung)values('D2','BERINGIN','NANAS');
insert into ruang(kd_ruang,nama_ruang,nama_gedung)values('D3','BERINGIN','NANAS');
insert into ruang(kd_ruang,nama_ruang,nama_gedung)values('D4','BERINGIN','NANAS');
insert into ruang(kd_ruang,nama_ruang,nama_gedung)values('D5','BERINGIN','NANAS');
insert into ruang(kd_ruang,nama_ruang,nama_gedung)values('D6','BERINGIN','NANAS');
insert into ruang(kd_ruang,nama_ruang,nama_gedung)values('E1','CEMARA','MAWAR');
insert into ruang(kd_ruang,nama_ruang,nama_gedung)values('E2','CEMARA','MAWAR');
insert into ruang(kd_ruang,nama_ruang,nama_gedung)values('E3','CEMARA','MAWAR');
insert into ruang(kd_ruang,nama_ruang,nama_gedung)values('E4','CEMARA','MAWAR');
insert into ruang(kd_ruang,nama_ruang,nama_gedung)values('E5','CEMARA','MAWAR');
insert into ruang(kd_ruang,nama_ruang,nama_gedung)values('E6','CEMARA','MAWAR');
insert into ruang(kd_ruang,nama_ruang,nama_gedung)values('F1','BERINGIN','MAWAR');
insert into ruang(kd_ruang,nama_ruang,nama_gedung)values('F2','BERINGIN','MAWAR');
insert into ruang(kd_ruang,nama_ruang,nama_gedung)values('F3','BERINGIN','MAWAR');
insert into ruang(kd_ruang,nama_ruang,nama_gedung)values('F4','BERINGIN','MAWAR');
insert into ruang(kd_ruang,nama_ruang,nama_gedung)values('F5','BERINGIN','MAWAR');
insert into ruang(kd_ruang,nama_ruang,nama_gedung)values('F6','BERINGIN','MAWAR');

COTS
insert into ruang(kd_ruang,nama_ruang,nama_gedung)values('F7','PINUS','MELATI');
-------------------------------------------------------------------------------
UPDATE ruang SET nama_ruang = 'BERINGIN'
WHERE kd_ruang = 'F6';

DELETE FROM (TABEL) WHERE kd_ruang = 'F6'; 

SELECT d.nama_dokter,d.kd_dokter
FROM dokter d
WHERE d.alamat_Dokter = 'Sukabirus'
GROUP BY d.nama_dokter,d.kd_dokter;

SELECT * FROM RUANG;

SELECT nama_petugas,jam_jaga,nama_pasien,jumlah_harga from petugas,pembayaran,pasien;

SELECT p.tanggal_datang,count(p.nama_pasien) AS total
FROM pasien p
WHERE  p.tanggal_datang >= '01-01-2019' and p.tanggal_datang <- '30-04-2019';
GROUP BY p.tanggal_datang;

select count(id_pasien) Jumlah
from pasien
where tanggal_datang >= '01-01-2019' and tanggal_datang <= '30-04-2019';


